{"cameraMode":{"drawMode":0,"name":"Shaded","section":"Shading Mode"},"sceneLighting":true,"audioPlay":false,"sceneViewState":{"m_AlwaysRefresh":false,"showFog":true,"showSkybox":true,"showFlares":true,"showImageEffects":true,"showParticleSystems":true,"showVisualEffectGraphs":true,"m_FxEnabled":true},"in2DMode":false,"pivot":{"x":-4.305955410003662,"y":10.213339805603028,"z":3.212113618850708},"rotation":{"x":0.15540462732315064,"y":-0.8274797201156616,"z":0.2746807336807251,"w":0.46491751074790957},"size":16.547428131103517,"orthographic":false}